{
  "test_timestamp": "2025-09-11T20:16:03.936890",
  "test_focus": "Critical fixes verification - FooterManagement and Notifications Loading Issue",
  "notifications_full_functionality_test": {
    "test_name": "Notifications Full Functionality",
    "success": true,
    "test_results": {
      "get_notifications_before": {
        "success": true,
        "count": 29,
        "status": 200,
        "response_time_ms": 12.298345565795898
      },
      "create_notification": {
        "success": true,
        "notification_id": "15fe1c53-8fa7-4a60-ab67-1ed0acd15506",
        "status": 200,
        "response_time_ms": 24.588346481323242
      },
      "get_notifications_after": {
        "success": true,
        "count": 30,
        "status": 200,
        "response_time_ms": 13.944387435913086
      },
      "notification_appears": true,
      "collection_mismatch_resolved": true,
      "authentication_working": true,
      "error_messages": [],
      "success": true
    },
    "critical_issue": false,
    "collection_mismatch_resolved": true,
    "authentication_working": true
  },
  "admin_panel_site_settings_test": {
    "test_name": "Admin Panel Site Settings",
    "success": true,
    "test_results": {
      "admin_performance_endpoint": {
        "success": true,
        "status": 200,
        "response_time_ms": 23.439884185791016,
        "has_data": true
      },
      "no_collection_errors": true,
      "no_database_errors": true,
      "footer_management_backend_ready": true,
      "error_messages": [],
      "success": true
    },
    "critical_issue": false,
    "footer_management_backend_ready": true,
    "no_javascript_errors_expected": true
  },
  "system_integration_test": {
    "test_name": "System Integration",
    "success": true,
    "test_results": {
      "endpoint_conflicts_resolved": true,
      "authentication_working": true,
      "consistent_collection_usage": true,
      "notifications_endpoints_working": {
        "get": true,
        "post": true
      },
      "admin_endpoints_working": {
        "performance": true
      },
      "error_messages": [],
      "success": true
    },
    "critical_issue": false,
    "endpoint_conflicts_resolved": true,
    "authentication_working": true,
    "consistent_collection_usage": true
  },
  "summary": {
    "total_tests": 3,
    "successful_tests": 3,
    "failed_tests": 0,
    "success_rate": 100.0,
    "critical_issues": [],
    "resolved_fixes": [
      "Notifications Full Functionality: Working correctly",
      "Admin Panel Site Settings: Working correctly",
      "System Integration: Working correctly"
    ],
    "fix1_footer_management_resolved": true,
    "fix2_notifications_loading_resolved": true,
    "both_critical_fixes_resolved": true,
    "system_integration_working": true
  }
}