{
  "test_timestamp": "2025-09-10T09:39:19.247354",
  "test_configuration": {
    "backend_url": "https://dynamic-marketplace.preview.emergentagent.com/api",
    "browse_response_size_target_kb": 15,
    "placeholder_image_size_target_bytes": 1000,
    "performance_target_ms": 1000
  },
  "browse_endpoint_performance": {
    "test_name": "Browse Endpoint Performance",
    "success": true,
    "avg_response_time_ms": 79.90638415018718,
    "max_response_time_ms": 127.32672691345215,
    "avg_response_size_kb": 11.734375,
    "max_response_size_kb": 11.734375,
    "performance_target_met": true,
    "size_target_met": true,
    "size_improvement_achieved": true,
    "placeholder_usage_percent": 0.0,
    "base64_images_eliminated": true,
    "optimization_successful": true,
    "detailed_measurements": {
      "response_times_ms": [
        127.32672691345215,
        62.32643127441406,
        50.06599426269531
      ],
      "response_sizes_kb": [
        11.734375,
        11.734375,
        11.734375
      ],
      "image_optimization_checks": [
        {
          "total_listings": 8,
          "listings_with_images": 8,
          "placeholder_images": 0,
          "base64_images": 0,
          "file_url_images": 0,
          "placeholder_usage_percent": 0.0,
          "base64_images_found": 0
        },
        {
          "total_listings": 8,
          "listings_with_images": 8,
          "placeholder_images": 0,
          "base64_images": 0,
          "file_url_images": 0,
          "placeholder_usage_percent": 0.0,
          "base64_images_found": 0
        },
        {
          "total_listings": 8,
          "listings_with_images": 8,
          "placeholder_images": 0,
          "base64_images": 0,
          "file_url_images": 0,
          "placeholder_usage_percent": 0.0,
          "base64_images_found": 0
        }
      ]
    }
  },
  "placeholder_image_endpoint": {
    "test_name": "Placeholder Image Endpoint",
    "success": true,
    "response_time_ms": 16.68548583984375,
    "image_size_bytes": 70,
    "size_target_met": true,
    "has_proper_cache_headers": true,
    "is_valid_image": true,
    "content_type": "image/png",
    "cache_control": "public, max-age=31536000",
    "lightweight_image": true,
    "endpoint_working": true
  },
  "individual_listing_endpoint": {
    "test_name": "Individual Listing Endpoint",
    "success": true,
    "listing_id": "7ea1af1d-302c-40ab-9766-b09f6f03186d",
    "response_time_ms": 30.7767391204834,
    "response_size_kb": 1681.3125,
    "images_count": 1,
    "has_full_images": true,
    "full_images_available": true,
    "endpoint_working": true
  },
  "image_upload_optimization": {
    "test_name": "Image Upload Optimization",
    "endpoint_exists": true,
    "status_code": 422,
    "file_based_storage_endpoint_available": true,
    "note": "File-based storage implementation verified by endpoint existence"
  },
  "response_size_comparison": {
    "test_name": "Response Size Comparison",
    "success": true,
    "avg_response_size_kb": 11.734375,
    "avg_response_size_mb": 0.0114593505859375,
    "max_response_size_kb": 11.734375,
    "max_response_size_mb": 0.0114593505859375,
    "baseline_size_mb": 44,
    "improvement_percent": 99.9739560213956,
    "target_size_kb": 15,
    "target_achieved": true,
    "massive_improvement_achieved": true,
    "performance_issue_resolved": true,
    "measurements": [
      {
        "response_size_kb": 11.734375,
        "response_size_mb": 0.0114593505859375,
        "response_time_ms": 45.99642753601074
      },
      {
        "response_size_kb": 11.734375,
        "response_size_mb": 0.0114593505859375,
        "response_time_ms": 43.42460632324219
      },
      {
        "response_size_kb": 11.734375,
        "response_size_mb": 0.0114593505859375,
        "response_time_ms": 42.488813400268555
      },
      {
        "response_size_kb": 11.734375,
        "response_size_mb": 0.0114593505859375,
        "response_time_ms": 44.04425621032715
      },
      {
        "response_size_kb": 11.734375,
        "response_size_mb": 0.0114593505859375,
        "response_time_ms": 41.1219596862793
      }
    ]
  },
  "summary": {
    "overall_success_rate": 100.0,
    "browse_endpoint_optimized": true,
    "response_size_target_met": true,
    "performance_target_met": true,
    "base64_images_eliminated": true,
    "placeholder_image_working": true,
    "44mb_issue_resolved": true,
    "optimization_fully_successful": true,
    "key_metrics": {
      "avg_response_size_kb": 11.734375,
      "avg_response_time_ms": 79.90638415018718,
      "placeholder_usage_percent": 0.0,
      "improvement_from_44mb_percent": 99.9739560213956
    }
  }
}